{"cameraMode":{"drawMode":0,"name":"Shaded","section":"Shading Mode"},"sceneLighting":false,"audioPlay":false,"sceneViewState":{"showFog":false,"showMaterialUpdate":false,"showSkybox":false,"showFlares":false,"showImageEffects":false,"showParticleSystems":false},"in2DMode":false,"pivot":{"x":0.5705592632293701,"y":-15.927424430847168,"z":46.461097717285159},"rotation":{"x":-0.19171041250228883,"y":-0.001959428656846285,"z":0.00038254211540333927,"w":-0.9814496040344238},"size":54.848236083984378,"orthographic":false}