{"cameraMode":{"drawMode":0,"name":"Shaded","section":"Shading Mode"},"sceneLighting":false,"audioPlay":false,"sceneViewState":{"showFog":false,"showMaterialUpdate":false,"showSkybox":false,"showFlares":false,"showImageEffects":false,"showParticleSystems":false},"in2DMode":false,"pivot":{"x":2.267707586288452,"y":-0.7257757186889648,"z":2.170212745666504},"rotation":{"x":-0.06615385413169861,"y":-0.9195855855941773,"z":-0.34474611282348635,"w":0.17645466327667237},"size":12.463875770568848,"orthographic":false}