{"cameraMode":{"drawMode":0,"name":"Shaded","section":"Shading Mode"},"sceneLighting":false,"audioPlay":false,"sceneViewState":{"showFog":false,"showMaterialUpdate":false,"showSkybox":false,"showFlares":false,"showImageEffects":false,"showParticleSystems":false},"in2DMode":false,"pivot":{"x":-0.3248192369937897,"y":10.50741195678711,"z":-6.160616874694824},"rotation":{"x":-0.2510923743247986,"y":0.0034847401548177006,"z":-0.0008913461351767182,"w":-0.96795654296875},"size":17.597497940063478,"orthographic":true}