{"cameraMode":{"drawMode":0,"name":"Shaded","section":"Shading Mode"},"sceneLighting":false,"audioPlay":false,"sceneViewState":{"showFog":false,"showMaterialUpdate":false,"showSkybox":false,"showFlares":false,"showImageEffects":false,"showParticleSystems":false},"in2DMode":false,"pivot":{"x":3.777878999710083,"y":3.7649614810943605,"z":-4.402865886688232},"rotation":{"x":0.12022280693054199,"y":-0.8714331984519959,"z":0.26558345556259158,"w":0.3944820761680603},"size":10.751411437988282,"orthographic":false}